PharmacistID,fName,mName,lName,Password
1,Helge,Scarlet macaw,Castelow,q2QSCPpK9O
2,Idette,"Owl, great horned",Dalman,huZLkY2n9XLv
3,Caesar,"Mongoose, yellow",Cadore,F4eFQxSK9
4,Merilyn,"Whale, killer",Yerlett,6UMW7bJicL1
5,Carlynne,"Duiker, gray",Mattingson,x19fRQVt
6,Yard,"Roadrunner, greater",Garrity,UoIBFh1Yf
7,Elston,"Peacock, blue",Iacovacci,iF8cruFDq2
8,Ondrea,Eurasian beaver,Anthes,ijs0Oz3aymw
9,Fleming,River wallaby,Barnsley,KR4X9Lih75ea
10,Carolann,European badger,Drewet,Qj5T1Lmuk7ps
11,Alejandro,"Drongo, fork-tailed",Bille,1v9b5u
12,Melamie,"Chipmunk, least",Diano,XtUZeM9L
13,Norma,Pied cormorant,Weins,6V7u47K
14,Bevon,"Racer, american",Andryunin,kO5DV5MpmW
15,Brade,"Meerkat, red",Reicherz,ouXL1OJ
16,Darin,"Genet, common",Cureton,XBIVB31Ekcj8
17,Malvin,"Swan, black",Gowdridge,6Sw5SFFTq
18,Devonne,African ground squirrel (unidentified),Klamp,S3q1zY3Id8aY
19,Ardyth,"Dove, galapagos",Mattiato,qugLpbptcRg
20,Ripley,Sun gazer,Petrakov,yRKpWtfZ
21,Stirling,"Capuchin, weeper",Cajkler,p3k4Ta8F2jz
22,Merell,Currasow (unidentified),Bernardeschi,v56JDUWI
23,Gustavo,"Rat, arboral spiny",Abrahamson,7DG6EnPTZWk
24,Celina,African snake (unidentified),Henrot,ZOVbiHy3
25,Blondie,"Cormorant, king",Nafzger,2pgBfd
26,Aloin,"Lion, steller's sea",Jakuszewski,vOzTmQrDvZ
27,Esme,"Robin, kalahari scrub",Matousek,g98WC95kaEU
28,Gill,"Heron, gray",Pook,GTyhKy
29,Mahala,Grey fox,Kellen,BpBhd8
30,Etheline,Greater blue-eared starling,Rate,PaGNPy
31,Juditha,"Bird, pied butcher",Fiddler,B6YoF5gqz
32,Burty,"Otter, north american river",Szymaniak,4jPEiHKqMIIs
33,Lorrin,Square-lipped rhinoceros,Everall,XLYkkGLg
34,Jenny,American beaver,Green,DUS6s3hx8
35,Stan,Gray heron,Simeons,tM7vZBN
36,Rhetta,Gemsbok,Dodimead,E4WCiUctf
37,Bill,Klipspringer,Burgum,Jp67XeSMPp8m
38,Joell,Collared lemming,Clever,r1Dtc8EJF18
39,Tabor,"Macaw, green-winged",McPhail,lRPls9s
40,Lyman,"Cobra, egyptian",Passe,rK1R7bqo
41,Bunny,Blacksmith plover,Dyzart,HKB9b1Axrpo
42,Velvet,"Squirrel, european red",Roscam,g2EO1c5jTK
43,Athena,"Deer, white-tailed",Dowdell,xAcKQELN5y
44,Davey,"Kingfisher, pied",Godbert,7sK3wKfd
45,Ollie,Platypus,Schimaschke,sNQT0NhO4G3
46,Dietrich,Indian red admiral,Mattacks,is9hZhmLg
47,Larine,Springbuck,Hynson,CIHP7XiHXA
48,Jessie,Four-striped grass mouse,Bulled,97CwArfy8
49,Ingaberg,Tree porcupine,Feben,rKgxZXLrrZ1
50,Georgine,"Salmon, sockeye",Rosewell,oah3ZYW4ayPM
51,Early,Giant girdled lizard,Brizell,sPGtCvPF
52,Nerita,European shelduck,Swyer-Sexey,D9tHHMT76Uw
53,Melicent,"Buffalo, african",Dalligan,LFYFstJBBPJ
54,Laurie,Cottonmouth,Bellenie,aOAd6Hv
55,Tiffy,"Monkey, bleeding heart",Beagen,uazyQ56p
56,Kaiser,"Wildebeest, blue",Spark,QQx2U2tD5
57,Federico,Swainson's francolin,Glavias,j3R2JrvSL
58,Jonell,Common goldeneye,Cahalin,Tn7ObGl
59,Gretna,"Iguana, marine",Kenningley,Te601xvjkYGG
60,Clemens,Little cormorant,Abrahmer,VR41MSIV
61,Nell,Genoveva,Ackermann,qwPK2lbCQ9ZB
62,Ernst,"Hoopoe, eurasian",Prevett,HDyYgEX
63,Romeo,Tiger,Stribbling,MRZh6Iqk
64,Filberte,White stork,Jupp,P1uJV4Sp0q
65,Kyle,"Rattlesnake, dusky",Shetliff,CAbZwhkC
66,Graham,Bahama pintail,Muge,6vGQwyMz
67,Gar,"Monkey, red howler",Mugglestone,hzNL8swIx
68,Connie,"Hornbill, leadbeateri's ground",Bennell,HYEYVWek1
69,Florry,"Quail, gambel's",Bertelsen,9JSreMH
70,Crin,Swainson's francolin,Ulster,miUtyzV
71,Clark,"Peccary, collared",Middleweek,BmY2LJ8W
72,Sophie,Sandhill crane,Ogilvy,GhDDLq
73,Eugenia,"Baboon, gelada",Wrathmall,kORgDCNSRcC
74,Tabatha,"Oryx, beisa",Mahaddy,sXuQju1FQpd
75,Jocelin,African black crake,Adshed,QFVxohuOBI
76,Ty,Javanese cormorant,Fuchs,zPoVautTJDO
77,Saundra,"Glider, feathertail",Konert,8Amphir4
78,Shell,Plains zebra,Goodhand,bQXQsdcIF9wr
79,Lanette,"Vulture, bengal",Peacey,K0kGaWOitJ4n
80,Tessa,"Lemur, brown",Ackermann,UHdTQjpQzpy
81,Beatrix,"Heron, goliath",McQuaide,D0UMt5
82,Raina,Brindled gnu,Knoble,RLfxIV
83,Robinett,Australian masked owl,Lindblad,Ktvvk2fl8M
84,Josie,"Reedbuck, bohor",Powdrill,lWjIQES
85,Lianna,"Gull, silver",Bobasch,cA5muJCtwqW
86,Josephine,Steller sea lion,Gamwell,qMzaPDj8
87,Karoly,Cougar,Hollows,UbaZXZAwuC
88,Caleb,Brown capuchin,Tsarovic,QEwff1hldN
89,Nomi,"Tortoise, galapagos",Stollenbeck,OLxvhYVN93R
90,Ayn,"Porcupine, prehensile-tailed",Denzilow,xXpSjX
91,Laverne,"Cormorant, large",Lowson,J4coLEiJ
92,Priscella,"Buffalo, wild water",Gonin,wnLNqdnFe4
93,Amalee,Adouri (unidentified),Jewitt,SH9Ly7Uykz
94,Lora,"Devil, tasmanian",Prendiville,QUKkL7
95,Sherman,"Turkey, australian brush",Redmond,1Lcd5Zs6BY
96,Porter,"Bear, american black",Limbourne,mSojLCUJzE
97,Rorke,Sacred ibis,Herreros,j3LlQ8x3jq
98,Mayer,"Marshbird, brown and yellow",Pohlke,PKXE0rfV8
99,Thor,White-browed owl,Palffrey,MMZgFKBtmP
100,Leda,"Puma, south american",Guwer,yplfCRV
101,Berna,Asian elephant,Inde,jqnER0qOv0Wq
102,Kandy,Dassie,Yankeev,OycV2G1jTs
103,Beverley,"Badger, honey",Stimson,aXEMQPh
104,Rubetta,African polecat,Grzegorecki,GwDZFOmFUShj
105,Mattie,"Grouse, sage",Brim,ET5ca1kUeVwT
106,Jeni,Sidewinder,O Sullivan,9BkGMcCa
107,Candace,Ring-tailed lemur,Firidolfi,1zikvI
108,Denni,"Squirrel, grey-footed",Elijah,LuqGfiSzmO
109,Gene,Long-tailed jaeger,Cleary,xUwweXn
110,Milka,Mara,Faulks,LcLiCmcx7EDW
111,Val,Beisa oryx,Corey,O5xfrNI
112,Thomasina,"Spider, wolf",Orred,66V1yO8E
113,Emmalynne,Native cat,Mandy,etp8MAQb2
114,Eduardo,"Cat, toddy",Coskerry,59YY0aSG2
115,Kaela,Scarlet macaw,Beine,zNxwG4UBnN5
116,Pia,"Macaque, rhesus",Rivilis,bRjV6bMFbFV
117,Ingrim,Blue-footed booby,Roff,44ykwa1uflLi
118,Junie,"Quail, gambel's",Meade,nXSM3H
119,Ursala,European stork,Rubert,Ljk2QLBY
120,Northrup,Large-eared bushbaby,Mulcahy,fvloWxBKP
121,Frederick,"Cockatoo, red-breasted",Weems,fJ03UfIwLyMo
122,Adey,Kori bustard,Hauger,O5NGRz5Z
123,Dalton,"Macaw, blue and gold",Coad,498j3S40
124,Jacenta,Small-clawed otter,Szabo,arg4LT2
125,Josee,Black-faced kangaroo,Dibson,6PMeekBfRV
126,Ertha,Eastern boa constrictor,Hallows,3Q5dVDnR
127,Daile,"Phascogale, brush-tailed",Clissell,7N6KPmTReXN
128,Morganica,African clawless otter,Middlehurst,gW3OpyAc
129,Tierney,Royal tern,Goodhay,AGNMDpCnF
130,Karylin,Topi,O'Heaney,cfJdB6
131,Forster,Civet cat,Sedgeworth,DO63ougPuToI
132,Derrick,Mouflon,Begley,9rHY62
133,Micaela,Platypus,Corneck,tMdkwWBkymK
134,Blondy,Indian star tortoise,Sendley,aoTphvwnG
135,Chicky,Scaly-breasted lorikeet,Llorente,Bg4LKOH4
136,Orelia,Gulls (unidentified),Willford,E2fFiNY
137,Egbert,Kinkajou,Bramich,Sx5voCsl4g
138,Ignacius,Brown hyena,Kloster,DfVvPcOgZ
139,Chicky,"Deer, savannah",Vassay,L4B4dX
140,Haley,"Cat, ringtail",Golightly,iXt6p35iI
141,Maureen,Mountain duck,Skowcraft,n4bBPn
142,Audra,"Cormorant, neotropic",Amiss,erkCsHdW
143,Putnem,"Baboon, chacma",Topper,qe8crCDykx4j
144,Orson,"Flicker, campo",Hewins,tVxb3ypF
145,Martelle,Caracara (unidentified),Jannequin,1mEXgSno
146,Dori,Green-winged trumpeter,Ditt,0fer3mj
147,Marve,"Boa, malagasy ground",Selwyn,GR3XCYXAhbmz
148,Annadiane,"Boubou, southern",Druhan,rY9c2HraRyp
149,Dolley,Cereopsis goose,Hounsome,OJoq0LUlD9
150,De witt,Least chipmunk,Tortoishell,5QyNNb3sU2Z5
151,Heywood,Indian jackal,Beaglehole,q9pT8i
152,Christophorus,Yellow-headed caracara,Corrado,JT5FLwG
153,Vevay,"Lion, steller sea",Joyes,4YIzKN2
154,Nertie,Eurasian badger,Beentjes,fsLXU3X5PD
155,Sutton,"Hawk, galapagos",Grimmer,aKjkuy
156,Granville,Mississippi alligator,Mathe,1GcMnwaXdHr
157,Dov,"Shrike, crimson-breasted",Hearn,NXOh85Ze
158,Tammi,"Cormorant, great",Leitch,snoVclooiNF
159,Morlee,Egyptian vulture,Scola,kkCtal9Mv2H
160,Consuela,Timber wolf,Clearley,JQY049V86M
161,Francoise,Radiated tortoise,Boulding,Swpoen5diMI
162,Judon,"Pheasant, ring-necked",Harbard,JFi8e7Fp
163,Lind,European wild cat,Reboul,7PRCQic
164,Mair,American beaver,Vowles,SyjHmflW
165,Katrina,Emerald-spotted wood dove,Valance,Fvb7A36Ut
166,Reinhold,"Goose, egyptian",Stockle,rZL8nAi48
167,Mario,Feathertail glider,Haynesford,Enmd8OA
168,Sandor,"Sloth, hoffman's",Biggam,Ukop0JS3
169,Clementina,Feral rock pigeon,Thexton,iCjDR7
170,Caspar,"Sheathbill, snowy",Elmore,sLtQSsRw
171,Giraldo,Brazilian otter,Fildes,cUb9DOkR
172,Porty,Urial,Dawltrey,PN62oAPv6H0
173,Cynthie,Asian water dragon,Gallehock,uq3CR7mLMl
174,Artur,Blesbok,Barzen,pc9SWZWnzVP
175,Gaylor,"Buffalo, wild water",Lotherington,VG3e1QG
176,Samuel,"Armadillo, giant",Aspinwall,9ZjcN6
177,Jacquie,"Baboon, savanna",Jones,eBebo4GcD
178,Marieann,Egyptian goose,Hallwood,64u2XldD8
179,Florian,"Macaque, japanese",Minget,DDSyg07
180,Laurianne,Chilean flamingo,Maceur,No5WlXJw
181,Venita,Impala,Rigden,LCaeNDcKRv
182,Pet,Asian lion,Powlett,cN8liG1
183,Bradly,Large-eared bushbaby,Iacovelli,89DYFe47L
184,Rosamund,Serval,Collum,fzev6H
185,Alane,Spectacled caiman,Kollas,M8Qht28m
186,Taite,"Kangaroo, eastern grey",Marvell,hMOvFPPMin
187,Ambrosi,Black-tailed tree creeper,Frickey,OVxa6N
188,Brana,Red-legged pademelon,Sibly,ecXhsU7cy0h
189,Brigitte,White-throated robin,Gadesby,HHnJmc
190,Jeanine,Red phalarope,Luquet,jbyKtazgDDxJ
191,Sully,Paddy heron (unidentified),St. Ledger,X8xKkix17U0N
192,Niven,Common ringtail,Broadbear,gEYhT9xZeOx
193,Deanne,"Dragon, western bearded",Shapter,pj6kvQLJ
194,Cord,Pied avocet,De Hoogh,Pcahyhc3dO
195,Tremayne,Rufous-collared sparrow,Delmage,k7fZ8Gt
196,Sashenka,"Rat, white-faced tree",Shelper,FhQZkpk
197,Jobey,"Cormorant, little",Cribbins,VyJthg3qROG
198,Juan,"Tortoise, asian foreset",Markie,EhpdskMe
199,Iris,Eurasian badger,Antoshin,5e8fAab71i
200,Carolynn,Red hartebeest,Fattorini,N0AUS0VS1SyI
201,Evvie,"Cat, ringtail",Joicey,dvc8Jp
202,Corliss,"Waxbill, black-cheeked",Loveredge,LWhLop
203,Feodor,Crab-eating fox,Hiner,Mfy3L1g
204,Judith,"Kangaroo, black-faced",Fendlow,zXbfACbY
205,Eward,"Goldeneye, common",Kybert,I9K0u7AfjN
206,Lyon,"Cockatoo, roseate",McCathie,EUKcTz
207,Adelaida,"Plover, blacksmith",Aiskovitch,Op1J8R
208,Fayth,"Admiral, indian red",Shadfourth,Gcgdo3ysw22Q
209,Athene,Four-striped grass mouse,Becken,7x9cVrB5
210,Violette,Guerza,Haydon,t0Bs8DSuT7q
211,Ebeneser,Desert kangaroo rat,Junkin,kTLti7sc5r0M
212,Dietrich,"Goose, egyptian",Talloe,Ah05qzKC3ya
213,Debra,Brown antechinus,Hamman,eBT278O0
214,Blisse,"Wolf, common",Bugge,hVKqwMsXQpub
215,Gretchen,"Lion, galapagos sea",Juanico,dg3oYPs
216,Jory,"Seal, northern fur",Geistbeck,2OJLMi5Aq7
217,Carry,"Ass, asiatic wild",Britch,U0Xn5i
218,Muffin,"Eland, common",Wisam,e2kyHLo8IG
219,Benedetta,"Cat, jungle",Burland,E1I3W1UWemG
220,Man,"Heron, boat-billed",Etridge,BGetGJA20No
221,Jessy,"Possum, western pygmy",Boissier,tXIcAm8d
222,Wendy,American black bear,Antushev,TTokCcnIO
223,Wallie,"Pademelon, red-legged",Hymers,2JNcyY
224,Madella,Long-nosed bandicoot,Cluatt,aYMfwRKn7wA
225,Amargo,Hanuman langur,Ryley,SgASkGwPPHI
226,Donavon,"Wallaby, red-necked",Egiloff,PhpIPp75
227,Zorana,"Crane, sarus",Skip,Xs79jC5y4
228,Jackelyn,Blacksmith plover,Antliff,ALNZXhqgm
229,Rudolf,Gray heron,Konzelmann,VvAzvo9X
230,Mufinella,"Mongoose, small indian",Vigours,xEpDv2gM
231,Ode,Verreaux's sifaka,Askham,ABtqIOkMxc
232,Devan,"Wombat, common",Dunley,euhswM08jPR
233,Heloise,"Mongoose, small indian",Duffree,xgmpiyr88S
234,Beckie,Green-backed heron,Truitt,9klDjm1nm
235,Ursulina,"Monkey, rhesus",MacCheyne,oI6iahNn3
236,Juliana,"Skimmer, four-spotted",Berlin,0340yaWlgjB
237,Feodora,"Lion, south american sea",Timoney,kU72GERpe2wi
238,Chevalier,"Marmot, hoary",Bigadike,cqlGv2
239,Witty,"Tarantula, salmon pink bird eater",Ruoff,zQrnBywb
240,Morna,"Avocet, pied",Haskayne,wlfHM0EVWl
241,Gian,Paddy heron (unidentified),Ginnane,X9o0MLDz9Ts
242,Edin,Common nighthawk,Bryce,j3ZeivdE7sX
243,Bay,Javan gold-spotted mongoose,Yitzovicz,6OmS23PGc1Ma
244,Mart,"Vulture, griffon",Gery,YGjDgt
245,Ogden,Indian star tortoise,Grindall,iwBDf4gmvT
246,Aguste,Indian mynah,Lawrenz,YxidzDZXu
247,Anet,"Trumpeter, green-winged",Woodson,zxluZ5
248,Izzy,White-mantled colobus,Christophle,qhcIkexaO
249,Lilian,Nilgai,Sheerin,29YddvknF0
250,Rollins,Australian spiny anteater,Vallerine,Qb0gjN
251,Donnie,Yellow-billed stork,Tolland,8Y84zsJvdZ4
252,Caron,"Waterbuck, defassa",Whitemarsh,pKqCAbej8
253,Caralie,Blue peacock,Tussaine,lSBdkK7G
254,Carri,"Tortoise, burmese black mountain",Scare,6RIb2SQ
255,Vasilis,"Bear, black",Everitt,VERCKxIjsX
256,Dennie,"Kangaroo, brush-tailed rat",Hatch,B59oNgrrzKA
257,Jesselyn,Gelada baboon,Sprowle,G2Y8auB159tC
258,Robenia,Asian false vampire bat,Frankiewicz,eDQjEZHDqD
259,Morgen,Neotropic cormorant,Menendez,ZAnuQvW9
260,Annie,Puku,Fogg,PrbslTy1dXG
261,Shelia,"Marten, american",Panniers,Hy4TruL
262,Sela,"Civet, small-toothed palm",Stewartson,HpnMoN
263,Jordana,"Vulture, king",Haslegrave,fI5znLtnTr9
264,Gianina,Small-spotted genet,Gadd,ERDfr5YZ8D
265,Prince,Short-beaked echidna,Mulchrone,rrTfBB0pz3yM
266,Morna,Bent-toed gecko,Ertel,K3Hlm11FSu
267,Cairistiona,Agile wallaby,Blumson,mSynby
268,Trish,Western palm tanager (unidentified),McMeanma,EZosNZCpkbWD
269,Conroy,"Dove, white-winged",Roberson,4WYqUNmM4B
270,Sharleen,"Cat, civet",Vorley,QYfMmyOTu0xO
271,Arleyne,Egyptian viper,Rawles,yfOjhI5
272,Verene,Egyptian goose,Jindrich,ix3W4aCML
273,Norman,Emu,Khristoforov,1OgS0b36
274,Edie,Bee-eater (unidentified),Stollenbeck,BiwDnUA
275,Bruno,"Jacana, african",Paver,eDsUfN0Xpooy
276,Noni,White-fronted bee-eater,Hook,GLeePXi1Ewdg
277,Collie,Common langur,Gong,tnVzIRCd
278,Aaren,"Falcon, prairie",Pattle,Yj5YKIjJ
279,Benji,"Lizard, goanna",Humpherson,cYMvVQMeWo
280,Antonin,"Penguin, galapagos",Shawell,N5KaYfUo
281,Crissie,European wild cat,Krojn,tuh6FsK
282,Hyacinthia,"Civet, common palm",Siggens,U4ltIRYd0uY
283,Fey,Cape starling,Tyne,ILu6Vt
284,Minnaminnie,Azara's zorro,Northen,FiUdz0nR7G
285,Ardyce,"Booby, blue-footed",Beddis,rib1ohUUM
286,Midge,"Blackbird, red-winged",Boydon,CZIOuE2ZB
287,Allyce,"Goose, cereopsis",Lemmertz,NCN8zfmA
288,Calvin,"Ibis, sacred",Matthiae,b6OZyk
289,Janey,"Skunk, striped",Wessell,tSdmO3b
290,Sorcha,Red-breasted nuthatch,Volkers,q12RZbmiFE
291,Megen,"Wagtail, african pied",Storrar,UnzE7oYzB
292,Odelia,Collared lemming,Varian,o6Q1v0WO
293,Jenelle,Gray rhea,Tonn,kVTgLyMuDk6
294,Tilda,Cape cobra,Bougourd,riuu4Y1I
295,Freemon,Red-legged pademelon,Wilce,UM02khEn
296,Jaquenette,"Hyena, brown",Cohen,OnbPuzb
297,Winny,"Phascogale, red-tailed",D'Arrigo,65WA96nfqyrA
298,Tamiko,"Dove, emerald-spotted wood",Gollop,oaSJEwn
299,Dani,"Quoll, spotted-tailed",Birdis,BDtHogM
300,Fons,Ring-tailed lemur,Muffett,R5ec4E
301,Barnebas,"Starling, cape",Wathan,8U6qPH69I5v
302,Harriett,"Rattlesnake, dusky",Flarity,sRZ5bRudpcM
303,Sylvester,Giraffe,Mouser,fEpZkdk
304,Worden,Euro wallaby,Dent,h891vV
305,Nevsa,Bushpig,Elkington,KP1f8WDG5W
306,Elaine,Black-throated cardinal,Huntingdon,ZUOXlS4
307,Jenny,Desert tortoise,Laviste,LpkCsjchqkt
308,Bo,"Crab, sally lightfoot",Emmanuel,9lGPyH12kmv
309,Lynn,"White-eye, cape",Wickling,WBOPjoIBr
310,Averyl,"Dolphin, common",Gonoude,KcBIsyaAI
311,Fayina,Giant heron,Kettle,6SAXdYon
312,Selie,"Moorhen, purple",Graddell,A9eo9zn
313,Linnet,Southern boubou,Algie,ceEhOOimT5VM
314,Vonni,Common mynah,Scutching,OmwZse1bmF2D
315,Nessy,"Crocodile, nile",Kerslake,PyUsYnuTt1o
316,Codee,Pine squirrel,Dumbarton,1uXtPu
317,Brooke,Old world fruit bat (unidentified),Boyer,Njvv2QsrY7cV
318,Catina,Buttermilk snake,Pegler,q4VYzV0p
319,Beatriz,"Badger, eurasian",Lenz,BdKWxo
320,Druci,"Elephant, asian",Pollard,WEg18sSizdz
321,Olwen,Black spider monkey,Stokey,gAr24IjjmRG0
322,Karel,Vicuna,Dobbie,a25hyWt6
323,Amitie,"Spider, wolf",Jandac,26mUO3Es
324,Carmen,Pine siskin,Matthesius,sqgHTZ
325,Becca,Tayra,Lohan,pKvygNQgYN1I
326,Micheline,"Parakeet, rose-ringed",Able,TaZVXQ
327,Ardis,South American puma,De Malchar,WIr5xddI
328,Wanids,"Bird, magnificent frigate",Stegell,M6M391
329,Ron,Tsessebe,Soper,2XpVQNSNGHu9
330,Cyrill,Indian giant squirrel,Ablott,48rhVwu2x
331,Gene,Old world fruit bat (unidentified),Fulop,P3glQI2yZkZw
332,Anjela,"Coatimundi, white-nosed",Cantor,b1IXEFD
333,Eldon,Caracara (unidentified),Armsby,U4EQxucxGD
334,Giffie,"Armadillo, giant",Abate,UmmnOO4
335,Petronella,"Porcupine, north american",Olufsen,58I14ePVl
336,Consalve,"Lion, steller sea",McAlister,u5T8O9y
337,Crichton,Tsessebe,Vlasin,YaGJEkAcOM
338,Chrystal,"Tamandua, southern",Tamas,Yqqem6a1jek
339,Gabey,"Owl, white-browed",Brownrigg,kwm0Ohne
340,Meggie,Great cormorant,Tenant,hG9KAUjcaCP1
341,Zebedee,Lilac-breasted roller,Overthrow,96pcbW02
342,Cinnamon,"Armadillo, giant",Scirman,yecgiKkoVam
343,Allie,Coqui francolin,Ordemann,yu4HgnNU48xP
344,Steffi,"Screamer, southern",Mosdill,5p1K5W
345,Teodoro,Guanaco,Delgua,YxkGgfV0SEjD
346,Vivi,"Wolf, common",Minger,OQLUDR8kX
347,Travers,"Fox, cape",Hallums,DGvn1Eq1099S
348,Holly-anne,Vicuna,Farragher,B9TgNVlk6pa5
349,Carroll,"Colobus, black and white",Vaughton,lgYkN2eC
350,Frederic,Thirteen-lined squirrel,Sansom,hwlUkT
351,Toby,"Dragonfly, russian",Cookley,cEn9vnNjc8L
352,Sherm,Violet-crested turaco,Flockhart,h2hCRETmp
353,Jennee,Impala,Preble,b6FbnfbhUz5X
354,Friedrich,"Weaver, white-browed sparrow",Bovis,XAi0Vba
355,Emmy,"Deer, swamp",Goldsbrough,fIXmDyES3
356,Vonnie,Knob-nosed goose,O'Canavan,lJN7USnpq
357,Ambrose,Amazon parrot (unidentified),Saul,awXKp9Y
358,Grenville,Hanuman langur,Silvester,vkooTQkoFB
359,Libbie,Urial,Holson,mtiBEpKp
360,Anstice,Large-eared bushbaby,Setterthwait,njg8cjOzkzP
361,Godfree,Desert kangaroo rat,Drayson,c6VP9crW7Jmt
362,Nissa,"Stork, openbill",Ellesworthe,UtPzylf
363,Jessee,Chameleon (unidentified),Phillp,2sj5Px
364,Eydie,Adouri (unidentified),Woolmore,Mrh48Jc5
365,Fleurette,"Lynx, african",Borel,YRRNn2b2Mgi
366,Lyn,"Dragonfly, russian",O'Rowane,1n1Y841RUKJ
367,Olive,Barrows goldeneye,Lamke,KsOIaxcmCc
368,Hal,Marabou stork,Hammerstone,VcCOZOzI
369,Oralla,"Rat, arboral spiny",Garritley,mTGjECpOz
370,Ingra,"Legaan, Monitor (unidentified)",Pregal,JKpJLOmny7
371,Enrichetta,"Albatross, waved",Calterone,0KkGnu
372,Dulsea,"Skua, great",McElroy,hRoE5wI9hEZO
373,Corinne,"Goose, canada",Audus,dluWdYIECTG
374,Vasily,Brush-tailed rat kangaroo,Paulmann,hNuuE1
375,Kennith,Crested bunting,Coonan,Q2qvYt3tx
376,Ilyse,"Crane, sarus",Sangwine,MhdUCQ59xMna
377,Bone,"Duck, blue",Bridel,10kt1R7u
378,Nelson,"Curlew, black",Naldrett,JKpAS8TQHO2j
379,Justis,"Monster, gila",Thornborrow,iUHPfRQe9
380,Broderick,Asiatic wild ass,Gorring,865l4rs3
381,Gigi,Genoveva,Avrahamov,2y6zAxgnS
382,Audre,Mocking cliffchat,Tarling,rqijuGbmbj1
383,Elisabetta,Leopard,Kulic,0jqGl4Of
384,Walt,"Monkey, red howler",De Andisie,euJhgMB
385,Fin,Yellow-billed stork,Trevillion,fWoU2MnmMH
386,Daniel,White-necked stork,Boddis,wEvgk1wo
387,Tan,"Bleu, blue-breasted cordon",Schreurs,YCWoHT
388,Mayne,"Brocket, brown",Durak,2fm6ER2sw69
389,Valerye,Fat-tailed dunnart,Dyerson,d4IDlelV
390,Fredericka,"Egret, great",Frisby,NfI6nefk6
391,Griffy,Waved albatross,Oddey,BqFCNwbz
392,Tilda,Spotted hyena,Fryers,CMMS767Y
393,Nathalie,"Hawk, red-tailed",Crees,Dg2j8yLQ
394,Leoline,Sea birds (unidentified),Stiggers,mrSSAj7b
395,Nettie,Red-tailed hawk,Lowder,rYKubB
396,Pen,Wattled crane,Harmson,au4rH9
397,Rosmunda,Asian openbill,Ortiga,5Myhzv2vhcK
398,Else,Western spotted skunk,Idale,unhKQyU7
399,Trudy,Long-tailed skua,Maliphant,O382qzi
400,Angelia,"Sungazer, yellow-brown",Pulham,0tXfossA8
401,Rachele,Burmese black mountain tortoise,Basten,xzgCBneNwCYo
402,Alma,"Squirrel, grey-footed",Kauscher,tVMyQe
403,Jeff,"Marten, american",Clymer,1jUV4DqpK
404,Randie,Brazilian otter,Gabler,tnacfdKZY2
405,Carleton,"Cat, long-tailed spotted",Alwin,9zbFmc4L
406,Sergei,"Colobus, magistrate black",Mosdall,YhCVYWBj
407,Marwin,"Hartebeest, red",Seyfart,PJt6TuR
408,Bab,Red meerkat,Cartmill,T9RQsEQs
409,Obadias,Swainson's francolin,Jefferson,9XojTXzuA
410,Currie,Indian porcupine,Monro,GGyUmj
411,Hardy,"Rhinoceros, black",Jencken,RQYqdLkIDck5
412,Jaquith,Goliath heron,Glazzard,ALUCKTIB
413,Vivianne,Margay,Standring,liPTfyOvZ2t
414,Barney,"Booby, masked",Haster,lYbEkRZUrsni
415,Vitoria,Bengal vulture,Sang,MqFbAkHz
416,Stillmann,Kalahari scrub robin,Inkin,cwXdcm
417,Griffie,"Snake, racer",McAllen,I8vNHTVrWdaA
418,Shelley,Eastern boa constrictor,Crank,11QwEtYqLjeZ
419,Renard,South American puma,Nicholas,c1CVTddMUw
420,Erin,"Macaque, pig-tailed",Bearcock,8yVgsR
421,Berte,Swallow-tail gull,Stellman,6IEBL22X
422,Crin,Common green iguana,Pinckney,WCJOAR0c
423,Stevy,"Otter, oriental short-clawed",Wabersinke,oxi8EX9BwY
424,Jason,Swallow-tail gull,Nickell,dparHT
425,Juliette,Chital,Bengle,0rEC7sfsM
426,Glenn,"Antelope, sable",Banbrook,H22vlDFH
427,Ester,"Nutcracker, clark's",Corteis,LeyNk81rE
428,Waylin,Square-lipped rhinoceros,Elliston,zOVserr
429,Jenna,"Gnu, brindled",Whiten,w44kDX
430,Sophey,"Fox, blue",Philipson,M5BSCM
431,Jaymie,Clark's nutcracker,Bum,PcjNz2Q
432,Andee,"Possum, western pygmy",Shireff,DWtqj9WZ9i
433,Wolfgang,Grant's gazelle,Rookledge,GfwacT0
434,Virgie,"Siskin, yellow-rumped",Draayer,oLSnYnUt
435,Renie,Burmese brown mountain tortoise,Gilogly,HPkvsu1v3HO
436,Gifford,"Duck, mountain",Glanfield,7f3IhAvNkdR0
437,Barnabe,Crab-eating fox,Roxburgh,0Www178Qjyfn
438,Daryn,"Vulture, king",Strickland,b5tZWAwi6fc8
439,Annetta,Gray duiker,Verni,4KD7l2KFtp7
440,Charleen,"Goose, cereopsis",Starmont,v6IDrRa3RUXR
441,Teirtza,"Monkey, bleeding heart",Haxley,MOzU9tn63p1P
442,Terrell,Miner's cat,Crosen,a1VMWZ
443,Claudio,Crab-eating raccoon,Scally,hj1Mtd2tPSDb
444,Phillip,Long-crested hawk eagle,Lavrinov,Uqa3ZBqaG3q
445,Chicky,"Boubou, southern",Bertelet,TP3GINLc
446,Danyette,Collared lizard,Taberner,LBE7xG4M
447,Wayland,Brown pelican,Delhay,DALDn1
448,Gunilla,"Lemming, collared",Alcorn,jHJh8Bkk2pqD
449,Myer,"Avocet, pied",Nezey,nDU9Xvewua
450,Lizzie,"Jackal, indian",Crichten,NGLi1B3N5Xp
451,Olia,"Lion, australian sea",Akitt,PmmREXw5wgZ
452,Kelvin,Denham's bustard,Penley,JMdsdZ
453,Jacynth,"Quoll, eastern",Charity,13pCQl
454,Lindsay,Coqui francolin,Scamerdine,uZ37yGy3
455,Henriette,"Weaver, lesser masked",Lockery,kHjIvsHe5
456,Brock,Brolga crane,Skipton,k59VuToLv
457,Correy,Red phalarope,Pilipyak,On5COK8IF4v5
458,Kathryne,Ring-tailed possum,Speirs,89EbkM9a4
459,Ryley,"Heron, green",Connett,4U9TugZV
460,Adrianna,"Glider, squirrel",Rockhill,v7vVHvR7Pm0
461,Luke,"Stork, white",Goldie,pfqVBd
462,Barth,Yellow-billed hornbill,Macvey,Oh2gtgJDp
463,Normand,"Lourie, grey",Cicconetti,r3s9P1mXYT8B
464,Leonelle,Red sheep,Ferrand,tGjwrx9
465,Buckie,"Baboon, olive",Obington,y0BlGuWNASa
466,Bogart,Black swan,Saggers,At9h3R
467,Winnie,Brown pelican,Hachard,5lkHRoFCxYZm
468,Randie,Western spotted skunk,Harbage,KKnruwcXuR
469,Wilburt,"Wolf, timber",Chominski,D8QVkLUXyM
470,Trula,"Hornbill, red-billed",Gannon,RcULhE
471,Rene,Southern hairy-nosed wombat,McVitie,lPJpxwY
472,Randolph,"Eagle, pallas's fish",Wimpey,5SmfNYvw
473,Caleb,Black bear,Mibourne,3PE2Rz6
474,Garrott,Javan gold-spotted mongoose,Pymer,R0HiHUZdn
475,Harley,Frog (unidentified),Galland,vpSrXXS
476,Derwin,Barasingha deer,Notman,GdcsgE
477,Mamie,"Phalarope, red",Muxworthy,yUjNAhD
478,Jesselyn,Eastern dwarf mongoose,Boumphrey,lJWGvKV
479,Bengt,Asian openbill,McWaters,QspzaA1
480,Lynnelle,"Rattlesnake, horned",MacGaughy,6C8ToV3bEKj
481,Floris,"Boa, cook's tree",Matthessen,v44u1B
482,Sosanna,Red hartebeest,Borzoni,Wz3yIyIeXbV
483,Robinet,Yellow-crowned night heron,Lafond,NxGWY4Z
484,Lynn,Aardwolf,Karpets,3nlDfV5
485,Audra,Old world fruit bat (unidentified),Hadgkiss,puxchgoU
486,Raffarty,Snowy sheathbill,Sorrell,aKBXVOTq
487,Jerri,"Kite, black",Serjent,zZabAGULA5Gz
488,Munroe,"Squirrel, thirteen-lined",Tallow,tKJxtzqO
489,Lexine,Western lowland gorilla,Monkton,sp92fvvt
490,Lyell,"Shrike, common boubou",Gealle,bS6pQk1
491,Gerda,Onager,Ranvoise,BvBXqZj7
492,Max,Ant (unidentified),Drever,6LioFBv1wtxT
493,Onfre,"Stork, black-necked",Folliott,q0BKhV
494,Mag,Bennett's wallaby,Jerman,OXI8evlpBXcO
495,Pietro,"Cormorant, javanese",Jennick,vccz9gAU
496,Blinni,"Wallaby, dama",Polkinhorn,EV2RS7ouqY
497,Rois,"Pie, rufous tree",Ellens,8bI99h740aj5
498,Antin,Brazilian otter,Burtwistle,SeMWQuVoSkef
499,Arnuad,"Starling, superb",McCray,e9pw4oT
500,Cooper,"Coatimundi, ring-tailed",Chessum,5HAuZ9Srdm
501,Joscelin,Brush-tailed rat kangaroo,Kaine,7gpllmEdW0
502,Esmaria,"Bustard, denham's",Litton,svqBLg
503,Manda,"Wolf, timber",Wainwright,kBRBk4DS
504,Ida,Mountain lion,Solland,4bOQ1m
505,Liz,"Penguin, galapagos",Tumielli,eu366fVi0R
506,Hymie,European red squirrel,Branchett,Bo0RCu
507,Jemie,Long-billed cockatoo,Crosby,24T3R48
508,Yelena,Klipspringer,Lamming,o1WgDuhV
509,Dunc,African bush squirrel,Mabon,bLwfROf6r8RI
510,Cordy,Steller's sea lion,Stook,o5swHDqVoDVD
511,Maris,"Booby, blue-faced",Murrhardt,rHTWaJbRn1U
512,Hurley,"Bison, american",Nicolls,x4QfIAFa
513,Celia,Blue racer,MacAndie,6dRBsX
514,Nate,"Dolphin, striped",Grason,meI4gweEOy
515,Dunc,Common brushtail possum,Grunbaum,fRomSaR1OKxg
516,Sullivan,Two-banded monitor,Sowter,xVrXTvcJo5
517,Waylen,"Robin, kalahari scrub",Meneghelli,9XDnaTx4
518,Melamie,Jungle kangaroo,Heathwood,feV4MJEk
519,Micaela,"Langur, gray",Skoughman,NdWuftobo
520,Matty,"Squirrel, golden-mantled ground",Barti,bPPos1L
521,Glad,Giant girdled lizard,Struthers,Lt6IBaaN
522,Amara,Mountain lion,Ferencowicz,KIO9m8Dg5
523,Fleming,Civet (unidentified),Offell,ClBw01P9lf
524,Lodovico,Purple moorhen,Penna,PWMqlusr
525,King,"Kangaroo, eastern grey",Studholme,W9O5iJ
526,Sylvester,Toddy cat,Iuorio,vHpq7ObD62
527,Kimberley,Two-banded monitor,Batalle,Rydv1r
528,Blancha,Galapagos hawk,Seilmann,QsTyYODTv4QW
529,Feliza,Chital,Pieroni,OL3Zju6Dw
530,Dulcinea,Butterfly (unidentified),Macbeth,NXfjwtV6F
531,Horace,Bleeding heart monkey,Pockett,MPQTNyT
532,Kermy,"Dragon, ornate rock",Nevinson,Epgp7X
533,Zelma,"Genet, small-spotted",McGuire,lOFE9SZu
534,Ruttger,Ornate rock dragon,Retchford,mEq3iK1
535,Daune,Golden-mantled ground squirrel,Senogles,Am9UIF
536,Prentiss,White stork,Finn,rob9LMy
537,Ian,Blue-tongued skink,Graveney,oq1mB8loO
538,Yovonnda,Common melba finch,Bleasdale,likTqUUBh
539,Daniela,King vulture,Curmi,bUxeO8rKhvdh
540,Caesar,"Parrot, hawk-headed",Windrum,5FrR5VhZt7Aq
541,Asher,Brazilian tapir,Laste,4Df8t3JQ2c8
542,Michal,"Bandicoot, southern brown",Springall,TnaXyawp
543,Scarlett,"Boa, cook's tree",Soares,vpsuLwez9bO
544,Jordanna,Blue and yellow macaw,Rands,Q42CHvAakk
545,Goober,"Zorro, common",McKern,xRID9ov
546,Issie,"Woodpecker, red-headed",Dacey,29j17jMX
547,Doralin,Sockeye salmon,Schruur,KySERNE
548,Wang,Prairie falcon,Cammomile,T5OedFXtN
549,Finn,Palm squirrel,Reinert,Inp1P9xPf39
550,Sara,"Vulture, griffon",Tippings,LuqJ25KOvO
551,Milo,Red hartebeest,Wybron,dXruPO
552,Aretha,"Porcupine, north american",Hallgarth,Dx4RXzMkKxTM
553,Hildagard,Scaly-breasted lorikeet,Shapcote,PTRNDB
554,Cedric,Carmine bee-eater,Donnel,Nqfjeeg
555,Bondon,South American sea lion,Agg,m9KpUwpckzRB
556,Jane,"Starling, cape",Eckersall,5JbWys0Qti
557,Shandeigh,Black kite,Jandl,p4xUtxlEk2i
558,Allard,Dingo,Thunnercliffe,xrxaGTbs7
559,Mandel,Barking gecko,Corder,NZerRz
560,Bidget,Sarus crane,Gossage,7G1RIOMdGj
561,Rodrick,Burrowing owl,Quennell,dEqUT0ad5xV5
562,Gerald,"Beaver, eurasian",McCulley,5oJF9I4b3Bo
563,Grannie,Common wallaroo,Furbank,0lqrIi
564,Othilie,Pied crow,Maslen,N2XE6X
565,Ed,"Flycatcher, tyrant",Kryszka,RtqylqdZEiS2
566,Nev,"Capuchin, black-capped",Brittain,TCQOzzpP
567,Jakie,American marten,Gethouse,84mpiYjg
568,Rance,Galapagos albatross,Marcroft,UKfH0R
569,Melesa,"Tortoise, indian star",Chavez,UO1nOOEWUsD
570,Lidia,Asian foreset tortoise,Ibbett,0jNJGVcFR
571,Vilma,Egyptian viper,O'Fihillie,Ur36lYBvnOXF
572,Wilhelmina,White-mantled colobus,Gebb,KVOP8DS6TAp6
573,Sid,"Stork, greater adjutant",Farfolomeev,AYeaD2e80g
574,Anatol,Emu,Spencer,LtYJYY7V
575,Selle,Ocelot,Durrett,ohaN7UAPeX3E
576,Emera,Slender-billed cockatoo,Surman-Wells,JyLtrvtRQZL
577,Amelia,Red howler monkey,Machen,Mi7ZZIN6SO
578,Karol,Hoffman's sloth,Pache,NJ8DQ68
579,Phillida,Masked booby,Coram,v8EBvp3xLu
580,Kary,Asian elephant,Zanre,omwVoDiHsDVh
581,Gibbie,"Heron, striated",Hallatt,2SpGK0FOPsP
582,Davon,"Turtle, long-necked",Murton,4cWQ4MpemvNf
583,Jay,Western palm tanager (unidentified),Darnbrough,sna85spREGJ
584,Manon,Orca,Howel,JXBcbN4hra
585,Louie,Pacific gull,Cowl,jfBHpXkudnd
586,Meade,"Jacana, african",Vinecombe,dDYdX2ncp9
587,Elora,"Cockatoo, red-breasted",Dutnall,2UCakJzzp8RV
588,Dael,Gemsbok,Jakubovicz,b30zQoRY
589,Susy,Common genet,Climar,oUstyWZYU9b
590,Merrielle,"Deer, spotted",Loxston,oWyMYCe
591,Chip,Margay,Mowett,6HG0gbz3LR
592,Aaron,"Beaver, north american",Brastead,GuknCZY
593,Abrahan,Paddy heron (unidentified),Florez,g6Laylt7OI
594,Gaspar,Grey lourie,Bachura,0118Mt
595,Tomi,"Lourie, grey",Pavolini,1PmzbITSu
596,Augie,African lynx,Yaneev,q7RSSQ9g
597,Avie,Galapagos tortoise,Colqueran,9RzdEb6sklZw
598,Beryle,Australian sea lion,Greest,0p21pzfp8FGq
599,Catherine,Pied cormorant,Eouzan,qXlHU46
600,Deloris,"Turkey, wild",Burras,6J9XOU3VDNn
601,Devlen,Waved albatross,Poles,fsCEvvLOGb
602,Ranice,Downy woodpecker,Guilloneau,BPpuZ9
603,Evangelin,"Heron, giant",Antonomolii,R47DHsWzL
604,Pattie,"Rhinoceros, white",Tombleson,bF959w9
605,Kin,Margay,Hornung,eFJQfE1
606,Glen,Gelada baboon,Godleman,IP0KDV
607,Mae,Bushpig,Wicklin,mKoqstlHmBK
608,Wilden,Indian giant squirrel,Wilmut,PtENgWGnYKt
609,Tom,Brown antechinus,Muffett,jw0rqB
610,Allistir,Thomson's gazelle,Nester,mlaowiezj7
611,Vidovic,Red hartebeest,Marcq,HDNEVrIYz
612,Stan,"Boa, emerald green tree",O'Dare,JbUIxlQsyTpg
613,Mollee,"Gull, kelp",Sizeland,tkMCswzfHET
614,Alexi,Ornate rock dragon,Harbinson,kGZ2rk
615,Noach,"Openbill, asian",Stapells,6eMbHD
616,Elna,Kafue flats lechwe,Attack,LwWUFp5OAX11
617,Virgie,"Alligator, mississippi",Acton,Qmc2RkvF
618,Stephannie,Bird (unidentified),Addinall,khjravV0q8C
619,Cristen,"Spoonbill, white",Reye,ZuOdp4b1PG
620,Margi,"Corella, long-billed",Treswell,BwA2jw
621,Garvin,Campo flicker,Lamberth,dpuUotpU
622,Sargent,Nile crocodile,Coulbeck,mbWM3axquALn
623,Rolland,"Lemur, lesser mouse",Hearson,jjar4QlJg0p6
624,Grover,"Coatimundi, white-nosed",Dellow,kfvEuZKhKOj5
625,Bonita,Spotted hyena,Sowerby,XXwUOY6J
626,Caria,"Finch, common melba",Matcham,8sub9Dxh
627,Ardys,Hanuman langur,Scholard,v4wGm6rrS
628,Casper,Carpet snake,Crowter,mdKCuGr8GC
629,Chris,Crested porcupine,Ferby,tXPHxZ91wzg7
630,Demetrius,Azara's zorro,Tuley,0wIBKJevK
631,Marve,"Bear, polar",Denisot,ZblKn88
632,Tildie,"Wolf, common",Brumby,UgTKTaNAJ
633,Baxy,Brown lemur,Josum,XoPBoVr74
634,Pat,Gray langur,Tamburi,oebpYPH4e
635,Alicea,"Cat, toddy",Chitson,FPYj2XRtM
636,Ab,Western spotted skunk,Waddilow,RN7Fpn2W
637,Ardene,"Lark, horned",Vermer,KO6ZDl1j
638,Brynne,"Python, carpet",Scamaden,fMQ8r5TbD4k
639,Jule,Ring-tailed possum,Tirone,CUuRc330F
640,Victor,Pied crow,Taveriner,1wVyBMnvOJ7A
641,Feliks,"Avocet, pied",Sharple,SSxUrjw
642,Gilbertine,"Elephant, african",Mattheis,5tMV4ctK8R9
643,Opal,"Vulture, lappet-faced",Hassent,O8kVl8T34GY
644,Thorndike,Buttermilk snake,Teulier,JRgHT1
645,Ellette,"Lizard, goanna",Duxfield,TK08pKVxwc
646,Alfie,Spotted hyena,Baribal,p9PlFQVBegR
647,Archaimbaud,"Glider, sugar",Stollmeyer,LB368do1
648,Tabbie,Two-toed tree sloth,McMurthy,FujZFVpP
649,Gabriela,Arboral spiny rat,Fallows,5ic209TCFv
650,Koralle,"Hornbill, yellow-billed",Whitham,LOvwINaemI
651,Iver,White spoonbill,McAndrew,w0DVYGGRxi4
652,Jillian,Javanese cormorant,Ivanishev,nqkIPMB
653,Karlotte,"Dove, little brown",Kernaghan,vXgvNQ
654,Valentin,"Vulture, white-rumped",Clausius,irtBFsE7
655,Abdul,"Bird, bare-faced go away",Wickenden,P9znSW7xaW
656,Elset,Black kite,Whatmough,5dL5PGD
657,Codie,Great white pelican,Tidder,9beHs8QdU9
658,Ame,"Pie, indian tree",Andrieux,TqTrc9WPSzs
659,Dominick,"Heron, grey",Dowden,YhFEvdLT
660,Lissy,"Elk, Wapiti",Eamer,7ZgciShNkt2
661,Dolf,Black-eyed bulbul,Huzzey,jydFGCISUCvl
662,Angelika,Cape clawless otter,Lawrenz,9g3eut
663,Kip,Laughing dove,O' Reagan,puas9G0S
664,Robbi,Pied butcher bird,Skalls,RCTMq2Nvh
665,Robin,"Tapir, brazilian",Cunniffe,EtR5Lo8wv3MI
666,Dorisa,"Screamer, southern",Epine,ZUV64YjNIkBe
667,Gallagher,"Hartebeest, coke's",Thiese,gp3b4pgu0c
668,Rozina,"Otter, giant",Deboick,RHhadnO9a8P
669,Marmaduke,Common zorro,Roeby,9rva7z
670,Robinet,Steenbuck,Trays,L57r3oZv9HG
671,Devondra,Brindled gnu,Stelfax,TDq41yiQ2
672,Dwain,White-necked raven,Gascoigne,14qc3bxJ2Y
673,Harli,"Monkey, red howler",Adds,dz0zcUTNpuxd
674,Rollo,Kaffir cat,Conichie,RyDWeJQ4TXX2
675,Nettie,"Vulture, egyptian",Doyley,BpafVQ
676,Gauthier,"Dunnart, fat-tailed",Proughten,kOTpYl
677,Mariejeanne,Marine iguana,Regi,uQXLtsYt9ySO
678,Adina,Weeper capuchin,Crocket,XXAoZkSiH
679,Luise,Pied kingfisher,Mellings,gIY6frBA4jN7
680,Elana,Bengal vulture,Walcher,rdFEmx4
681,Ganny,Eagle owl (unidentified),Thorp,OEs4ewC9K8Pm
682,Brittaney,"Wagtail, african pied",Grayne,cvYhUxq4H
683,Cassandre,Tree porcupine,Songhurst,hdZLlU7wC9Wo
684,Dosi,"Gorilla, western lowland",Ilchenko,JhQdIFhhkqy5
685,Heloise,Eastern box turtle,Bunn,Z4b8VsZ4
686,Paton,"Heron, black-crowned night",Witherspoon,0jnehYrMT
687,Gardner,Laughing kookaburra,Dils,zjiAw1xeWQv
688,Virgie,Bottle-nose dolphin,Summerill,3TBZjHmAinD
689,Bonny,Crown of thorns starfish,Glowacki,NYiOyPYRS2Sx
690,Adolphus,Cobra (unidentified),Astridge,ukWuQEYzA
691,Car,Sally lightfoot crab,Fell,Txxy4Ncd
692,Mile,Impala,Dutch,feMrLa1Cpz
693,Maisey,"Toucan, white-throated",Cosyns,Ig2t9NKyu
694,Carling,"Eagle, white-bellied sea",Sutworth,wcc1zEr0
695,Fitzgerald,Black-throated cardinal,Pilbury,eBtA1czM
696,Roderic,Common duiker,McClymont,knH2xWFMM4eY
697,Humphrey,Red-winged hawk (unidentified),Dunks,cV3xhLwXh
698,Pat,"Macaque, bonnet",Bramo,ZahKll
699,Gauthier,"Deer, spotted",Eddis,jZSvCQZK
700,Karlyn,Agouti,Bradnocke,OJxIcc908D
701,Rori,"Starling, red-shouldered glossy",Snodden,wjBi33PXo
702,Marcello,Peregrine falcon,Bugler,qQ85Csse4U3
703,Arni,"Raven, white-necked",Flewett,59Tf0rl7Pp
704,Klement,"Monkey, black spider",Linfitt,Q5doQ2ab
705,Adele,Adouri (unidentified),Allicock,A1SMNc5ZSCeM
706,Herold,Pine squirrel,Spear,SAI37U
707,Roscoe,"Dove, white-winged",O'Carney,W3ofSs4gas
708,Erik,"Salmon, sockeye",Metcalfe,TK5uV7D
709,Tricia,Roe deer,Reichartz,2i7L2jOA2
710,Harriott,Green-winged trumpeter,Mulrooney,lzieAx
711,Druci,Emerald-spotted wood dove,Gonnelly,kpwGrtTrPkY7
712,Trent,Sea birds (unidentified),Stewart,3gS3EGdIJg
713,Babb,"Pintail, white-cheeked",McLeoid,new3Xzo
714,Agathe,"Squirrel, eurasian red",Cookney,T8iocs
715,Jeanine,Blesbok,Sherr,ot5ej3Cp
716,Wallace,"Robin, white-throated",Deaville,O0RzLEH
717,Cull,"Heron, giant",Ingerman,oiF7c7AA
718,Tandie,American woodcock,Brockhouse,LejiZFUC
719,Roz,"Gull, dusky",Boyack,2NLfWqAbcI
720,Basilio,Wolf spider,Van't Hoff,AFPs8vCy2S6T
721,Joshia,"Shrew, mandras tree",Cardozo,BFSwjXcztd
722,Vincenz,"Lory, rainbow",Slade,BA8RjpjIa
723,Ruttger,Manatee,Pexton,XNmptJEv
724,Marris,Eastern quoll,McCloch,isefEOV7Wly
725,Carlin,Violet-crested turaco,Spoure,EH62xjK6p8
726,Emmanuel,Denham's bustard,Kienlein,h3MRig
727,Kingston,"Elephant, african",Lorait,hcH2XKzt
728,Wendeline,"Shelduck, common",Duffy,CGzjv4EqH
729,Marmaduke,Lesser mouse lemur,Britian,GE4EvwS
730,Bear,Capybara,Martellini,zR0EbMaLg
731,Paola,Giant girdled lizard,Kubala,FhrlIVK
732,Leontyne,Egyptian cobra,Cattel,DwAGpxjl8
733,Roxy,"Polecat, african",Edes,hGyOkTOgmYZB
734,Addie,"Jackal, black-backed",Thewlis,3X42YBCZh2
735,Meier,"Spoonbill, european",Yearby,yOLWc5F5
736,Nestor,Black-tailed tree creeper,Simonnet,IBVNyZPIEb
737,Melamie,"Peacock, indian",Lyttle,9xepty5MSv
738,Grenville,Nyala,Torricina,bvjCR2Zo4JC
739,Leroy,"Otter, giant",Reolfi,EO7osHeifxM
740,Camala,Yellow-brown sungazer,Syder,mki4Z0
741,Lorrin,"Flycatcher, tyrant",Lilywhite,oYr79mUgi
742,Denyse,Smith's bush squirrel,Kalberer,nHwkzzauPJ
743,Matthiew,"Weaver, chestnut",Dunphy,XvA2ZfNA2TV
744,Eward,"Oystercatcher, blackish",Bentote,qjDLThee1CI3
745,Sonny,"Mongoose, yellow",Penrose,XskiOC6W
746,Leeanne,Western lowland gorilla,Cranstone,Q5Fuj1IG
747,Stephanus,"Bird, secretary",Gonnel,XGLRlE1Z
748,Doro,Steenbok,Loren,qzSITt
749,Ailyn,"Bird, secretary",Marfell,m7LeA6OssD7
750,Silvio,"Genet, small-spotted",Royans,eV9pWmP
751,Evvie,Sloth bear,Roseaman,M5vatrmsm
752,Joshuah,"Owl, burrowing",Terry,HQ4Zb5ey
753,Tremaine,Stanley crane,Stowers,fEqYtVA1BxP
754,Gweneth,Turkey vulture,Frapwell,CzMp92n5Eb
755,Gerrie,"Deer, barasingha",Upwood,23yzFFt
756,Ann-marie,Galapagos dove,Whereat,jYTRG4V7vbr
757,Putnam,"Capuchin, brown",Staniford,CqFYwnR6Vi
758,Adrianne,"Trotter, lily",Himsworth,WbvfQM
759,Dela,Desert tortoise,Burrells,kQWMxl8a
760,Arliene,Tasmanian devil,Gandrich,GcPeP6I
761,Nanny,"Wolf, common",Charteris,hqdoAfZL
762,Deedee,White-faced tree rat,Boyton,zSyoHoPm
763,Gian,Swainson's francolin,Heifer,BGOUSJLo
764,Damien,Sarus crane,Ewer,jars5ufJKASU
765,Ferrel,Numbat,Aish,o7SZls
766,Kendre,"Waxbill, blue",Loding,x8lcVL
767,Domenic,Giraffe,Frostdick,nP6aqp1rdHh5
768,Ashil,Vicuna,Kittley,2IHkUvBFvhF
769,Isak,Little blue penguin,Oris,u3EBaathJ
770,Jeramie,Giant anteater,Burbidge,n9278Du4fs8
771,Constantina,"Vulture, white-headed",Wurz,AcsbKtAWt0Py
772,Aloisia,Crested bunting,Terris,ci9nel
773,Ulrick,Cape clawless otter,Benzi,5BlzfNXJXM
774,Rossie,Common zorro,Heijne,Wyift5
775,Adriano,"Owl, australian masked",Larratt,elSIuO7
776,Marga,Black-tailed tree creeper,Kellitt,kkYG6NH
777,Adams,Striped dolphin,Sharratt,cVmVXUXkqm
778,Isis,"Otter, brazilian",Wapple,50xiMaiZk5mT
779,Gaston,"Eagle, bateleur",Gheorghe,Y5lZ14tqm
780,Kara,"Elephant, asian",Kuhnwald,O4vsfV
781,Livvie,"Cockatoo, roseate",Bosdet,rJqutu1gJSC
782,Melli,Kongoni,Woffenden,Bz4oB2n3xuDA
783,Hewie,Northern phalarope,Klauer,Vhzb0ICG0v
784,Lizzie,"Quoll, spotted-tailed",Goodbar,CSWlu4hD
785,Rickey,Brush-tailed rat kangaroo,Gentle,XvZD0a
786,Deny,"Coot, red-knobbed",MacCartair,HjGeeAvYnA
787,Sarita,Black-backed jackal,Farndale,jQGI1rrv
788,Gilly,Jungle kangaroo,McRannell,GXobQAd0SSV
789,Jandy,Sage hen,Golder,oKHbt3UK
790,Nicol,Sidewinder,Daen,YlOZpA
791,Carlos,Ostrich,Dawidsohn,ZE3GBGQzsBy
792,Ilaire,Eastern cottontail rabbit,Corradino,jY9ZBpiO
793,Jorie,Black-faced kangaroo,Dore,hoDzSZ2mJ
794,Sharona,"Snake, western patch-nosed",Fitchett,lf8Hm4U6
795,Mathian,"Gull, pacific",Graffham,7y3QXCPjp
796,Elianora,"Duck, white-faced whistling",McPaike,piBFiaR5y
797,Vidovik,White-mantled colobus,Lehrle,haQofiPjS
798,Van,Galapagos hawk,Antonat,jfuLAQe1Eu
799,Hoebart,"Loris, slender",Stirzaker,XghApg4ho5
800,Willi,Carpet snake,Golightly,OTtOt1
801,Cesar,Southern tamandua,MacEntee,8pzAS1
802,Gabbey,"Rhea, gray",Marns,h521AtrRZkI
803,Chandra,"Macaw, blue and yellow",Dicky,vxEd7v
804,Beitris,Sloth bear,Swetman,uH6o7z5MR6MJ
805,Inez,Yellow-rumped siskin,Pantry,0pGDDxn
806,Harri,European spoonbill,Bealing,BzUFLmTgiW
807,Derrek,"Jaeger, long-tailed",Counter,ZmKPTqscDiVy
808,Hagen,Argalis,Naulty,d957KIb5oNQ
809,Clarence,"Robin, kalahari scrub",McGookin,M8LF79
810,Dene,"Skua, great",Shilleto,OSGNnGAEVk
811,Agathe,Olive baboon,Grewes,2QzDqlJ
812,Constance,"Tern, white-winged",Stampfer,xavUe5
813,Bobby,Asian red fox,Bodman,tE1boh
814,Quinton,European shelduck,Starford,mbCoK6g
815,Roland,"Turkey, wild",McKleod,PfTdS1i
816,Chaddie,"Vulture, turkey",Poolman,HbOEEn9
817,Fairlie,Red-tailed cockatoo,Bonafacino,6WaD9V6JLWIC
818,Dalila,Snake (unidentified),Dyton,1nI9Tdv
819,Lauritz,Canadian river otter,Vouls,9X9XgUy
820,Lusa,Blue-faced booby,Popeley,Wzk69H9RF
821,Caryl,"Cockatoo, slender-billed",Foxon,YI5egVuTJ3v
822,Banky,Ring-tailed possum,Doutch,pTJTxT9TSY0U
823,Pippa,Galapagos hawk,Filipputti,eIcv6TLNPPV
824,Lindy,Giant heron,Toghill,Wmvxs02d
825,Gregoire,"Cat, european wild",Bane,bleXe9
826,Maren,"Stork, painted",Imesen,wbX1MFNS
827,Sybille,Ring-tailed possum,Ware,LLhGNvOxOR
828,Ingaberg,Common pheasant,Dudson,zxgi3x
829,Mackenzie,"Porcupine, indian",McLucky,JoUQWge0MC
830,Cecil,"Coot, red-knobbed",Casbourne,D91mKj4MrTV
831,Burt,"Toucan, white-throated",Ickovicz,20GUuucfnd
832,Reggie,"Racer, american",Tamblingson,WFqmZVihBfR
833,Lynnea,Old world fruit bat (unidentified),MacDearmaid,Yk74ak78AfH
834,Shoshana,Cook's tree boa,Gilliard,G78QWCDVtt
835,Moshe,Yellow-necked spurfowl,Olennikov,UmkezpD2cC30
836,Ulysses,"Phalarope, red",Milne,AuhckVS
837,Kitti,"Squirrel, indian giant",Najera,rd4KP4tjhht
838,Osbourne,"Cat, long-tailed spotted",Pledge,mZ217vxiTl
839,Perle,Common palm civet,Yakunin,hM3ktS
840,Carrissa,Hoffman's sloth,Edgley,w2ooOrO3maZX
841,Brinn,"Seal, northern elephant",Shillom,85jkivbk886
842,Agna,Javan gold-spotted mongoose,Yegoshin,PpNKeC
843,Gabbie,"Chickadee, black-capped",Treasaden,9Kl3ATmJ
844,Brion,"Sifaka, verreaux's",Corby,Z6xWen9VPw58
845,Adiana,Comb duck,Kemmet,W9khnsLXxhDS
846,Vic,"Rat, arboral spiny",Chipping,RbdR1Cm2Mw
847,Patricia,Yellow-rumped siskin,Ehlerding,EgilQTGp2
848,Carla,"Tarantula, salmon pink bird eater",Boanas,K6CpTey3U
849,Nerty,"Boar, wild",Arnison,vL2yAa8BJ9p4
850,Garvy,"Rhinoceros, white",Joscelyne,5jh0Hu
851,Dyanna,Rose-ringed parakeet,Butterfint,uEyEGpsl9q
852,Gavan,Black and white colobus,Cottage,PPSfQsd
853,Pieter,Mocking cliffchat,Apted,H2ECBDn5Hv
854,Northrup,Tiger snake,Worledge,AImE0eh
855,Jareb,"Marmot, yellow-bellied",Sherrington,wrQ2hMDX
856,Margery,Southern elephant seal,Hansman,zoCWBl7
857,Shir,"Possum, pygmy",Stokes,fJvCuNJl4v3
858,Timmy,Black bear,Wetton,PVu0wFgdX
859,Daisy,Nelson ground squirrel,Ogglebie,bBITWcXmKV
860,Woodrow,"Teal, hottentot",Nolte,1A1jJf0DeO
861,Irena,Golden-mantled ground squirrel,Dargue,oo0CFSr9Ua
862,Vin,"Porcupine, crested",De Angelis,6nm2A2mbdBFh
863,Melantha,Puma,Tolumello,xazcGbG
864,Harp,"Nutcracker, clark's",Dooly,ghzuO1N6kZy
865,Dael,Tree porcupine,Guyan,DMWAvj9BLR
866,Mendy,Grizzly bear,Burnet,dXwWR6B1W
867,Ariella,"Kangaroo, brush-tailed rat",Normavell,0NsyTULqTLyV
868,Peria,"Grenadier, common",Capelen,nGK5eXmUva
869,Monty,"Coot, red-knobbed",Von Gladbach,9INHqxk
870,Rosco,Woodchuck,Leonardi,CgOeqSoz
871,Malissia,Ring-tailed gecko,Whodcoat,lboKJtHq3
872,Eudora,Manatee,Vinnicombe,s5XCHk2L31AM
873,Jo ann,Gecko (unidentified),Mix,WTpe2pnx3ICx
874,Kimmie,"Ass, asiatic wild",Farenden,LPyasyxIIMLp
875,Sabra,"Seal, common",Grugerr,EmQJZeiTwy
876,Say,American crow,Digman,HX4MdMLCSp
877,Maitilde,Malagasy ground boa,Authers,0m2QlHWug
878,Mary,Eastern boa constrictor,Roblou,lBPd2hsfOfME
879,Alfie,"Stork, white",Kitchaside,L4LqfnH1i6
880,Chadd,Banded mongoose,Barabisch,20h2KlPq
881,Albertina,"Cockatoo, slender-billed",Stoggell,rWx2K7H
882,Lotti,"Toucan, red-billed",Brasted,r1Reglu6iy
883,Willard,Burrowing owl,Cattemull,5suiCSTT6da
884,Frieda,Indian star tortoise,Willbraham,TwOyf0m1uGZ
885,Shelley,"Vulture, lappet-faced",Janway,PRoJOB
886,Heidi,Long-tailed jaeger,Strain,DX8cVbzeB4
887,Carree,Brown lemur,Kohnemann,FkbYTf
888,Alwyn,African wild cat,Poyser,dBZFvF
889,Estrellita,"Sheep, red",Lashmar,7iguDRK6D
890,Deina,Seven-banded armadillo,Clutten,qiHyspnVO5B
891,Ninnette,"Spider, wolf",Hallgarth,wJGwKlh0WEFl
892,Kelli,Ovenbird,Von Welldun,TIvPXMru4AUu
893,Flynn,"Booby, masked",Dronsfield,ipIGSzu5
894,Candace,Pine snake (unidentified),Brideaux,9AOWJ0z
895,Terri-jo,"Mongoose, eastern dwarf",McCarrell,GCQSoRL
896,Aida,Black-tailed prairie dog,Duffield,DIEsoAvdcJzJ
897,Byram,Hyrax,Glastonbury,UO1vSxgna
898,Ward,Buttermilk snake,Gall,8aBN2dLh
899,Tommie,"Phalarope, red",Tomsett,h90pskVC
900,Quincey,African elephant,Silkstone,ye0oAZ
901,Vivyan,Burchell's gonolek,Houlton,eKgMxH21c
902,Orly,"White-eye, cape",Heinel,HLcGpUC
903,Roana,Common wolf,Burnell,Ue3bIBzsM
904,Ulises,Burchell's gonolek,Probat,WrpaA7JNce9
905,Hatti,"Capuchin, black-capped",Cropton,D2SFhRe
906,Creighton,Long-billed corella,McQuilliam,8301M3iFsg
907,Annmarie,Black-eyed bulbul,Heakey,2RoJ2EycF6
908,Carmelina,"Lion, southern sea",Moakes,UY8BT2
909,Rebecka,Black-throated butcher bird,Sells,8rmcNQWwey33
910,Calhoun,"Deer, black-tailed",Hadeke,RQTd0ERzj
911,Alaric,"Penguin, galapagos",Wooder,Dc0Xv4O0jIl9
912,Dorri,Sea birds (unidentified),Ingleston,zB4sIEw
913,Cord,Desert tortoise,deKnevet,qCUlgMEuWw
914,Robert,Columbian rainbow boa,Dever,pMWUkzjT6
915,Gwenore,Canadian tiger swallowtail butterfly,Welford,piuslt0n
916,Sumner,Southern lapwing,Tredgold,aeB98Mu
917,Brittan,Spectacled caiman,Haggarth,ra1LuU
918,Winny,"Bat, madagascar fruit",Sang,b5lOUNP5FH
919,Earlie,Chameleon (unidentified),Saile,CAyPKUVJhdI
920,Jackie,Silver-backed jackal,Webb-Bowen,DstFh9F
921,Rufe,Ring dove,Neles,aDClAS056ea
922,Yorke,"Bulbul, black-eyed",Dellenbrok,44mLfr
923,Flo,Kongoni,Somers,mRee4DxI
924,Eve,Dromedary camel,Gair,1H5Sg6gAXwX
925,Susi,Swainson's francolin,Beynkn,8VeEPre24k
926,Tabby,Herring gull,Galero,DbirtaDPmV
927,Jesselyn,Komodo dragon,Gellett,cGjkmjsAcex
928,Mag,Stanley crane,Gillbanks,WujCQ401v5
929,Lolita,Vervet monkey,Saffran,3gx6ItAhxIbH
930,Wallie,"Bat, asian false vampire",Gatecliffe,agjxjjASArA
931,Vinnie,Bahama pintail,Iwanowicz,Sue6u92rD
932,Nettie,"Skua, great",Burr,DG5VXChQ0J
933,Timmy,"Dog, black-tailed prairie",Loton,bdT4gCtuSs
934,Jolene,"Dog, raccoon",Shrieve,fjd0kZee
935,Kailey,"Goose, knob-nosed",Amort,M8yDZNC5l2OS
936,Cissiee,"Macaw, blue and yellow",Meigh,buzxgDhQMkD
937,Charley,Common seal,Halksworth,z0m5D2B
938,Herman,"Tortoise, burmese brown mountain",Chesher,rv05vp67Kj
939,Lana,Long-tailed spotted cat,Kearns,lHCYEG
940,Waite,Yellow-billed stork,Scimoni,J8m5MGcG
941,Nahum,Galapagos albatross,Hammelberg,keOYGNwSpz
942,Anabal,"Spurfowl, yellow-necked",Gasken,ZsWit0
943,Dannie,"Dolphin, striped",Bellerby,xjJsNbhG9h
944,Ryan,"Marshbird, brown and yellow",Sargeaunt,znzVtt
945,Ariela,Aardwolf,Weekland,Pq1KZLgX7y6t
946,Selig,Yellow-billed stork,Sleford,PV7GZa1cU
947,Norri,"Lizard, giant girdled",Heigold,yTONJw
948,Carol-jean,Brown capuchin,Rosewell,uC4OPjRah6
949,Minerva,Leadbeateri's ground hornbill,Fildery,ervfOl52p7Vc
950,Sherwood,Hanuman langur,Sinclar,PsJNIMjvrqws
951,Cesare,"Rattlesnake, horned",Grendon,ROZBcrw
952,Jojo,Chimpanzee,Riddle,8mmd5nCh
953,Anton,"Lion, mountain",Dechelette,6kOJiZwcqb
954,Garner,Long-necked turtle,Cattrell,ZrleA1
955,Kalindi,"Stork, openbill",Bichard,9fCA5Y6GX
956,Korey,"Snake, racer",Ratnage,HayV33GvC
957,Raffaello,Bush dog,Donnan,SrXNPhVKr
958,Wendell,Purple grenadier,Harcourt,hkBMLnCesXs
959,Poppy,"Shelduck, european",Plesing,pZQDroJwS7
960,Yvon,"Sungazer, yellow-brown",Hayesman,MZxLD9v7YkO
961,Cobb,Western bearded dragon,Reditt,8ZSBfei
962,Clifford,Red-billed toucan,Yuryichev,o5DccTxE
963,Jakie,"Macaque, rhesus",Iggalden,PSck8Qy8
964,Celina,Jabiru stork,Grumell,faEgFB
965,Olivier,"Vulture, king",Veivers,D9WB7mFvSK3r
966,Burg,Great horned owl,O'Driscoll,wlj4YEJrn8P5
967,Danica,Pacific gull,Booton,KyPgcH
968,Sammy,"Tamandua, southern",Cornuau,v2GypAcS
969,Alfreda,Large-eared bushbaby,MacGeffen,H13sRyLVwtG
970,Quintus,Western pygmy possum,Gair,tsTYHO3
971,Skye,"Bird, bare-faced go away",MacAndrew,sXwuzfBqFt
972,Callean,Cereopsis goose,Baggot,4wZUM6JfWII1
973,Jordan,"Dove, white-winged",Scholling,KenKD0T9
974,Lorenza,"Tern, royal",Abarough,K09SRg5x2
975,Donovan,"Lemur, ring-tailed",Argont,rkyaDk
976,Meryl,Crested bunting,Luxmoore,Ho4A6i7
977,Rozina,"Elephant, asian",Willingale,vtEF9UMdjZN
978,Rochell,"Gull, pacific",Such,Sa2KDhS24zf
979,Orelee,Paradoxure,Upham,3bz2Nz1ikqGo
980,Randie,"Weaver, lesser masked",Rickell,5Iyexpq
981,Murvyn,Striped hyena,Platts,QYyAhmZQHZwv
982,Pennie,"Tortoise, galapagos",Coole,C16JEL
983,Mariette,"Sandpiper, spotted wood",Franzetti,1kbcA3AZL
984,Kennedy,Black kite,Morgen,4I9P47TE1
985,Malinda,Chimpanzee,Winslade,aNlSoIYlLWek
986,Sonni,"Gull, herring",Donoghue,Ksy4WrKTqKfm
987,Sidoney,Indian leopard,Crowter,LAHhsjna2TJ
988,Chase,"Squirrel, smith's bush",Eyre,LHVESLTNnHt
989,Maisie,"Squirrel, smith's bush",Dollard,a29lO8H9
990,Michal,Sarus crane,Serck,QNWJivaDUh9R
991,May,Anaconda (unidentified),Chartman,SlNcn84
992,Ignazio,Buttermilk snake,Joiris,A3roaXqXkw
993,Andrea,Brindled gnu,Spavon,W3c1iNF
994,Blythe,Pied cormorant,Menauteau,8hwg0y9QN
995,Tucker,"Camel, dromedary",Worthing,MHH9aCs0S
996,Joey,Flightless cormorant,Carren,cFIsZ9jwS
997,Nady,Eurasian hoopoe,Tuttiett,0IaoZt
998,Bobbie,"Hawk, red-tailed",Kareman,AaYL67kp
999,Dion,"Baboon, gelada",Becom,p7gOpC5p
1000,Meghann,"Spoonbill, white",Blanchard,yJPnSa7sr2l
